min,max
-149.27409996561065,99.11317831689948
